"Date","Contract","Order","Line","NSN","Price","Qty","Cage","Company"
"2026/04/09","SPE8ED26P0734","","0001","8145-01-512-0901","5,133.00","4","54TC1","SHARKCAGE INC."
"2026/04/06","SPE8ED26P0708","","0001","8145-01-512-0901","5,133.00","2","54TC1","SHARKCAGE INC."
"2026/03/09","SPE8ED26V0226","","0001","8145-01-512-0901","5,133.00","7","54TC1","SHARKCAGE INC."
"2026/03/02","SPE8ED26V0214","","0001","8145-01-512-0901","5,133.00","1","54TC1","SHARKCAGE INC."
"2026/03/02","SPE8ED26V0214","","0002","8145-01-512-0901","5,133.00","2","54TC1","SHARKCAGE INC."
"2026/02/19","SPE8ED26V0188","","0001","8145-01-512-0901","5,133.00","1","54TC1","SHARKCAGE INC."
"2026/02/19","SPE8ED26V0188","","0002","8145-01-512-0901","5,133.00","1","54TC1","SHARKCAGE INC."
"2026/02/19","SPE8ED26V0188","","0003","8145-01-512-0901","5,133.00","1","54TC1","SHARKCAGE INC."
"2026/02/13","SPE8ED26V0180","","0001","8145-01-512-0901","5,133.00","5","54TC1","SHARKCAGE INC."
"2026/02/02","SPE8ED26V0156","","0001","8145-01-512-0901","5,133.00","2","54TC1","SHARKCAGE INC."
"2026/01/06","SPE8ED26V0119","","0001","8145-01-512-0901","5,133.00","2","54TC1","SHARKCAGE INC."
"2025/11/04","SPE8ED26P0152","","0001","8145-01-512-0901","5,133.00","7","54TC1","SHARKCAGE INC."
"2025/10/21","SPE8ED26P0084","","0001","8145-01-512-0901","5,133.00","1","54TC1","SHARKCAGE INC."
"2025/10/21","SPE8ED26P0094","","0002","8145-01-512-0901","5,133.00","2","54TC1","SHARKCAGE INC."
"2025/10/21","SPE8ED26P0094","","0001","8145-01-512-0901","5,133.00","5","54TC1","SHARKCAGE INC."
"2025/10/09","SPE8ED26V0021","","0001","8145-01-512-0901","5,133.00","10","54TC1","SHARKCAGE INC."
"2025/10/02","SPE8ED26V0007","","0001","8145-01-512-0901","5,133.00","1","54TC1","SHARKCAGE INC."
"2025/10/02","SPE8ED26V0007","","0002","8145-01-512-0901","5,133.00","1","54TC1","SHARKCAGE INC."
"2025/10/02","SPE8ED26V0007","","0003","8145-01-512-0901","5,133.00","1","54TC1","SHARKCAGE INC."
"2025/10/02","SPE8ED26V0007","","0004","8145-01-512-0901","5,133.00","1","54TC1","SHARKCAGE INC."
"2025/09/25","SPE8ED25V0695","","0001","8145-01-512-0901","5,133.00","1","54TC1","SHARKCAGE INC."
"2025/09/25","SPE8ED25V0695","","0002","8145-01-512-0901","5,133.00","10","54TC1","SHARKCAGE INC."
"2025/09/15","SPE8ED25P1651","","0001","8145-01-512-0901","5,133.00","1","54TC1","SHARKCAGE INC."
"2025/09/15","SPE8ED25P1651","","0002","8145-01-512-0901","5,133.00","2","54TC1","SHARKCAGE INC."
"2025/09/12","SPE8ED25V0678","","0001","8145-01-512-0901","5,133.00","12","54TC1","SHARKCAGE INC."
"2025/09/02","SPE8ED25V0658","","0001","8145-01-512-0901","5,133.00","45","54TC1","SHARKCAGE INC."
"2025/08/05","SPE8ED25V0616","","0001","8145-01-512-0901","5,133.00","1","54TC1","SHARKCAGE INC."
"2025/06/09","SPE8ED25V0524","","0001","8145-01-512-0901","5,133.00","2","54TC1","SHARKCAGE INC."
"2025/04/15","SPE8ED25P0927","","0002","8145-01-512-0901","4,979.00","1","54TC1","SHARKCAGE INC."
"2025/04/15","SPE8ED25P0927","","0001","8145-01-512-0901","4,979.00","2","54TC1","SHARKCAGE INC."
"2025/04/15","SPE8ED25P0927","","0003","8145-01-512-0901","4,979.00","6","54TC1","SHARKCAGE INC."
"2025/04/03","SPE8ED25V0415","","0001","8145-01-512-0901","4,979.00","1","54TC1","SHARKCAGE INC."
"2025/03/17","SPE8ED25V0391","","0001","8145-01-512-0901","4,979.00","2","54TC1","SHARKCAGE INC."
"2025/02/20","SPE8ED25V0347","","0001","8145-01-512-0901","4,979.00","1","54TC1","SHARKCAGE INC."
"2025/02/10","SPE8ED25V0319","","0001","8145-01-512-0901","4,979.00","2","54TC1","SHARKCAGE INC."
"2025/02/06","SPE8ED25V0310","","0001","8145-01-512-0901","4,979.00","2","54TC1","SHARKCAGE INC."
"2024/12/23","SPE8ED25V0217","","0001","8145-01-512-0901","4,979.00","2","54TC1","SHARKCAGE INC."
"2024/12/20","SPE8ED25P0394","","0001","8145-01-512-0901","4,979.00","103","54TC1","SHARKCAGE INC."
"2024/12/19","SPE8ED25V0214","","0001","8145-01-512-0901","4,979.00","1","54TC1","SHARKCAGE INC."
"2024/12/06","SPE8ED25V0176","","0001","8145-01-512-0901","4,979.00","2","54TC1","SHARKCAGE INC."
"2024/12/03","SPE8ED25V0166","","0001","8145-01-512-0901","4,979.00","1","54TC1","SHARKCAGE INC."
"2024/11/21","SPE8ED25P0291","","0003","8145-01-512-0901","4,979.00","2","54TC1","SHARKCAGE INC."
"2024/11/21","SPE8ED25P0291","","0001","8145-01-512-0901","4,979.00","8","54TC1","SHARKCAGE INC."
"2024/11/21","SPE8ED25P0291","","0002","8145-01-512-0901","4,979.00","10","54TC1","SHARKCAGE INC."
"2024/11/12","SPE8ED25P0226","","0003","8145-01-512-0901","4,979.00","1","54TC1","SHARKCAGE INC."
"2024/11/12","SPE8ED25P0226","","0001","8145-01-512-0901","4,979.00","2","54TC1","SHARKCAGE INC."
"2024/11/12","SPE8ED25P0226","","0002","8145-01-512-0901","4,979.00","3","54TC1","SHARKCAGE INC."
"2024/10/31","SPE8ED25V0107","","0001","8145-01-512-0901","4,979.00","2","54TC1","SHARKCAGE INC."
"2024/10/10","SPE8ED25P0090","","0001","8145-01-512-0901","4,979.00","6","54TC1","SHARKCAGE INC."
"2024/10/10","SPE8ED25P0090","","0002","8145-01-512-0901","4,979.00","10","54TC1","SHARKCAGE INC."
"2024/10/09","SPE8ED25P0089","","0001","8145-01-512-0901","4,979.00","1","54TC1","SHARKCAGE INC."
"2024/10/09","SPE8ED25P0089","","0002","8145-01-512-0901","4,979.00","1","54TC1","SHARKCAGE INC."
"2024/10/09","SPE8ED25P0089","","0003","8145-01-512-0901","4,979.00","1","54TC1","SHARKCAGE INC."
"2024/10/09","SPE8ED25P0089","","0004","8145-01-512-0901","4,979.00","1","54TC1","SHARKCAGE INC."
"2024/10/09","SPE8ED25V0032","","0001","8145-01-512-0901","4,979.00","2","54TC1","SHARKCAGE INC."
"2024/10/07","SPE8ED25P0068","","0001","8145-01-512-0901","4,979.00","1","54TC1","SHARKCAGE INC."
"2024/10/07","SPE8ED25V0020","","0001","8145-01-512-0901","4,979.00","2","54TC1","SHARKCAGE INC."
"2024/10/07","SPE8ED25P0068","","0002","8145-01-512-0901","4,979.00","5","54TC1","SHARKCAGE INC."
"2024/10/01","SPE8ED25P0043","","0002","8145-01-512-0901","4,979.00","1","54TC1","SHARKCAGE INC."
"2024/10/01","SPE8ED25P0043","","0001","8145-01-512-0901","4,979.00","14","54TC1","SHARKCAGE INC."
"2024/09/23","SPE8ED24P1056","","0002","8145-01-512-0901","4,979.00","2","54TC1","SHARKCAGE INC."
"2024/09/23","SPE8ED24P1056","","0001","8145-01-512-0901","4,979.00","18","54TC1","SHARKCAGE INC."
"2024/09/19","SPE8ED24P1051","","0002","8145-01-512-0901","4,979.00","1","54TC1","SHARKCAGE INC."
"2024/09/19","SPE8ED24P1051","","0001","8145-01-512-0901","4,979.00","24","54TC1","SHARKCAGE INC."
"2024/09/05","SPE8ED24P0987","","0001","8145-01-512-0901","4,999.00","20","54TC1","SHARKCAGE INC."
"2024/08/16","SPE8ED24V0517","","0001","8145-01-512-0901","4,979.00","2","54TC1","SHARKCAGE INC."
"2024/08/01","SPE8ED24P0891","","0001","8145-01-512-0901","4,999.00","3","54TC1","SHARKCAGE INC."
"2024/07/12","SPE8ED24P0808","","0001","8145-01-512-0901","4,999.00","4","54TC1","SHARKCAGE INC."
"2024/06/13","SPE8ED24P0779","","0001","8145-01-512-0901","4,999.00","2","54TC1","SHARKCAGE INC."
"2024/06/13","SPE8ED24P0779","","0002","8145-01-512-0901","4,999.00","2","54TC1","SHARKCAGE INC."
"2024/06/13","SPE8ED24P0779","","0003","8145-01-512-0901","4,999.00","2","54TC1","SHARKCAGE INC."
"2024/06/13","SPE8ED24P0779","","0006","8145-01-512-0901","4,999.00","2","54TC1","SHARKCAGE INC."
"2024/06/13","SPE8ED24P0779","","0004","8145-01-512-0901","4,999.00","5","54TC1","SHARKCAGE INC."
"2024/06/13","SPE8ED24P0779","","0005","8145-01-512-0901","4,999.00","5","54TC1","SHARKCAGE INC."
"2024/06/13","SPE8ED24P0779","","0007","8145-01-512-0901","4,999.00","5","54TC1","SHARKCAGE INC."
"2024/06/07","SPE8ED24V0408","","0001","8145-01-512-0901","4,999.00","1","54TC1","SHARKCAGE INC."
"2024/06/04","SPE8ED24V0399","","0001","8145-01-512-0901","4,446.00","1","54TC1","SHARKCAGE INC."
"2024/06/04","SPE8ED24P0751","","0002","8145-01-512-0901","4,762.00","3","54TC1","SHARKCAGE INC."
"2024/06/04","SPE8ED24P0751","","0003","8145-01-512-0901","4,762.00","6","54TC1","SHARKCAGE INC."
"2024/06/04","SPE8ED24P0751","","0001","8145-01-512-0901","4,762.00","20","54TC1","SHARKCAGE INC."
"2024/05/17","SPE8ED24V0372","","0001","8145-01-512-0901","5,119.00","7","54TC1","SHARKCAGE INC."
"2024/05/07","SPE8ED24P0683","","0001","8145-01-512-0901","5,119.00","20","54TC1","SHARKCAGE INC."
"2024/05/06","SPE8ED24V0349","","0001","8145-01-512-0901","5,119.00","10","54TC1","SHARKCAGE INC."
"2024/04/29","SPE8ED24P0650","","0001","8145-01-512-0901","4,762.00","4","54TC1","SHARKCAGE INC."
"2024/04/22","SPE8ED24V0331","","0001","8145-01-512-0901","4,762.00","3","54TC1","SHARKCAGE INC."
"2024/04/15","SPE8ED24V0321","","0001","8145-01-512-0901","4,762.00","1","54TC1","SHARKCAGE INC."
"2024/03/27","SPE8ED24P0545","","0001","8145-01-512-0901","4,762.00","10","54TC1","SHARKCAGE INC."
"2024/03/18","SPE8ED24V0291","","0001","8145-01-512-0901","4,762.00","2","54TC1","SHARKCAGE INC."
"2024/03/04","SPE8ED24V0266","","0001","8145-01-512-0901","4,762.00","1","54TC1","SHARKCAGE INC."
"2024/02/20","SPE8ED24V0243","","0001","8145-01-512-0901","4,762.00","1","54TC1","SHARKCAGE INC."
"2024/02/20","SPE8ED24V0243","","0002","8145-01-512-0901","4,762.00","1","54TC1","SHARKCAGE INC."
"2024/02/15","SPE8ED24V0233","","0001","8145-01-512-0901","4,762.00","2","54TC1","SHARKCAGE INC."
"2024/02/15","SPE8ED24V0233","","0002","8145-01-512-0901","4,762.00","2","54TC1","SHARKCAGE INC."
"2024/01/29","SPE8ED24V0194","","0001","8145-01-512-0901","4,762.00","13","54TC1","SHARKCAGE INC."
"2024/01/18","SPE8ED24P0369","","0001","8145-01-512-0901","4,762.00","4","54TC1","SHARKCAGE INC."
"2024/01/18","SPE8ED24P0369","","0003","8145-01-512-0901","4,762.00","4","54TC1","SHARKCAGE INC."
"2024/01/18","SPE8ED24P0369","","0005","8145-01-512-0901","4,762.00","4","54TC1","SHARKCAGE INC."
"2024/01/18","SPE8ED24P0369","","0004","8145-01-512-0901","4,762.00","6","54TC1","SHARKCAGE INC."
"2024/01/18","SPE8ED24P0369","","0006","8145-01-512-0901","4,762.00","6","54TC1","SHARKCAGE INC."
"2024/01/18","SPE8ED24P0369","","0002","8145-01-512-0901","4,762.00","28","54TC1","SHARKCAGE INC."
"2024/01/16","SPE8ED24P0358","","0001","8145-01-512-0901","4,762.00","14","54TC1","SHARKCAGE INC."
"2024/01/09","SPE8ED24V0168","","0001","8145-01-512-0901","4,762.00","1","54TC1","SHARKCAGE INC."
"2024/01/09","SPE8ED24P0339","","0002","8145-01-512-0901","4,762.00","3","54TC1","SHARKCAGE INC."
"2024/01/09","SPE8ED24P0339","","0001","8145-01-512-0901","4,762.00","22","54TC1","SHARKCAGE INC."
"2023/12/26","SPE8ED24V0145","","0001","8145-01-512-0901","4,762.00","1","54TC1","SHARKCAGE INC."
"2023/12/18","SPE8ED24P0299","","0002","8145-01-512-0901","4,762.00","1","54TC1","SHARKCAGE INC."
"2023/12/18","SPE8ED24V0127","","0001","8145-01-512-0901","4,762.00","6","54TC1","SHARKCAGE INC."
"2023/12/18","SPE8ED24V0127","","0002","8145-01-512-0901","4,762.00","6","54TC1","SHARKCAGE INC."
"2023/12/18","SPE8ED24P0299","","0001","8145-01-512-0901","4,762.00","61","54TC1","SHARKCAGE INC."
"2023/11/28","SPE8ED24P0255","","0001","8145-01-512-0901","4,762.00","3","54TC1","SHARKCAGE INC."
"2023/11/28","SPE8ED24P0255","","0002","8145-01-512-0901","4,762.00","3","54TC1","SHARKCAGE INC."
"2023/11/02","SPE8ED24V0070","","0001","8145-01-512-0901","4,762.00","2","54TC1","SHARKCAGE INC."
"2023/10/31","SPE8ED24P0141","","0002","8145-01-512-0901","4,762.00","3","54TC1","SHARKCAGE INC."
"2023/10/31","SPE8ED24P0141","","0001","8145-01-512-0901","4,762.00","13","54TC1","SHARKCAGE INC."
"2023/10/23","SPE8ED24V0057","","0001","8145-01-512-0901","4,762.00","2","54TC1","SHARKCAGE INC."
"2023/10/23","SPE8ED24V0057","","0004","8145-01-512-0901","4,762.00","2","54TC1","SHARKCAGE INC."
"2023/10/23","SPE8ED24V0057","","0002","8145-01-512-0901","4,762.00","3","54TC1","SHARKCAGE INC."
"2023/10/23","SPE8ED24V0057","","0003","8145-01-512-0901","4,762.00","6","54TC1","SHARKCAGE INC."
"2023/10/16","SPE8ED24V0033","","0001","8145-01-512-0901","4,762.00","1","54TC1","SHARKCAGE INC."
"2023/10/16","SPE8ED24V0033","","0003","8145-01-512-0901","4,762.00","3","54TC1","SHARKCAGE INC."
"2023/10/16","SPE8ED24V0033","","0002","8145-01-512-0901","4,762.00","4","54TC1","SHARKCAGE INC."
"2023/10/12","SPE8ED24V0025","","0001","8145-01-512-0901","4,762.00","4","54TC1","SHARKCAGE INC."
"2023/10/05","SPE8ED24V0008","","0001","8145-01-512-0901","4,762.00","3","54TC1","SHARKCAGE INC."
"2023/10/02","SPE8ED24V0001","","0002","8145-01-512-0901","4,762.00","1","54TC1","SHARKCAGE INC."
"2023/10/02","SPE8ED24V0001","","0001","8145-01-512-0901","4,762.00","8","54TC1","SHARKCAGE INC."
"2023/09/25","SPE8ED23V0660","","0001","8145-01-512-0901","4,762.00","4","54TC1","SHARKCAGE INC."
"2023/09/22","SPE8ED23V0655","","0001","8145-01-512-0901","4,762.00","1","54TC1","SHARKCAGE INC."
"2023/09/22","SPE8ED23V0655","","0002","8145-01-512-0901","4,762.00","1","54TC1","SHARKCAGE INC."
"2023/09/22","SPE8ED23V0655","","0003","8145-01-512-0901","4,762.00","5","54TC1","SHARKCAGE INC."
"2023/09/05","SPE8ED23V0611","","0001","8145-01-512-0901","4,762.00","15","54TC1","SHARKCAGE INC."
"2023/08/28","SPE8ED23V0598","","0001","8145-01-512-0901","4,762.00","6","54TC1","SHARKCAGE INC."
"2023/08/08","SPE8ED23V0543","","0001","8145-01-512-0901","4,762.00","8","54TC1","SHARKCAGE INC."
"2023/08/03","SPE8ED23P0959","","0001","8145-01-512-0901","4,762.00","3","54TC1","SHARKCAGE INC."
"2023/08/03","SPE8ED23V0537","","0001","8145-01-512-0901","4,762.00","8","54TC1","SHARKCAGE INC."
"2023/07/28","SPE8ED23P0949","","0001","8145-01-512-0901","4,762.00","53","54TC1","SHARKCAGE INC."
"2023/07/17","SPE8ED23V0507","","0001","8145-01-512-0901","4,762.00","1","54TC1","SHARKCAGE INC."
"2023/07/17","SPE8ED23V0507","","0002","8145-01-512-0901","4,762.00","4","54TC1","SHARKCAGE INC."
"2023/07/13","SPE8ED23V0498","","0001","8145-01-512-0901","4,762.00","15","54TC1","SHARKCAGE INC."
"2023/07/10","SPE8ED23V0489","","0002","8145-01-512-0901","4,762.00","2","54TC1","SHARKCAGE INC."
"2023/07/10","SPE8ED23V0489","","0001","8145-01-512-0901","4,762.00","12","54TC1","SHARKCAGE INC."
"2023/06/30","SPE8ED23P0877","","0001","8145-01-512-0901","4,762.00","1","54TC1","SHARKCAGE INC."
"2023/06/30","SPE8ED23P0877","","0002","8145-01-512-0901","4,762.00","1","54TC1","SHARKCAGE INC."
"2023/06/30","SPE8ED23P0877","","0003","8145-01-512-0901","4,762.00","1","54TC1","SHARKCAGE INC."
"2023/06/30","SPE8ED23P0877","","0004","8145-01-512-0901","4,762.00","1","54TC1","SHARKCAGE INC."
"2023/06/30","SPE8ED23P0877","","0005","8145-01-512-0901","4,762.00","4","54TC1","SHARKCAGE INC."
"2023/06/22","SPE8ED23P0859","","0001","8145-01-512-0901","4,762.00","1","54TC1","SHARKCAGE INC."
"2023/06/21","SPE8ED23V0455","","0001","8145-01-512-0901","4,762.00","1","54TC1","SHARKCAGE INC."
"2023/06/09","SPE8ED23V0442","","0001","8145-01-512-0901","4,762.00","2","54TC1","SHARKCAGE INC."
"2023/06/05","SPE8ED23V0432","","0001","8145-01-512-0901","4,762.00","1","54TC1","SHARKCAGE INC."
"2023/06/05","SPE8ED23V0432","","0002","8145-01-512-0901","4,762.00","1","54TC1","SHARKCAGE INC."
"2023/06/05","SPE8ED23V0432","","0003","8145-01-512-0901","4,762.00","1","54TC1","SHARKCAGE INC."
"2023/06/05","SPE8ED23V0432","","0004","8145-01-512-0901","4,762.00","1","54TC1","SHARKCAGE INC."
"2023/06/02","SPE8ED23V0431","","0001","8145-01-512-0901","4,762.00","2","54TC1","SHARKCAGE INC."
"2023/06/01","SPE8ED23V0429","","0001","8145-01-512-0901","4,762.00","1","54TC1","SHARKCAGE INC."
"2023/06/01","SPE8ED23V0429","","0003","8145-01-512-0901","4,762.00","1","54TC1","SHARKCAGE INC."
"2023/06/01","SPE8ED23V0429","","0002","8145-01-512-0901","4,762.00","3","54TC1","SHARKCAGE INC."
"2023/06/01","SPE8ED23V0429","","0004","8145-01-512-0901","4,762.00","4","54TC1","SHARKCAGE INC."
"2023/05/22","SPE8ED23V0405","","0001","8145-01-512-0901","4,762.00","1","54TC1","SHARKCAGE INC."
"2023/05/22","SPE8ED23V0405","","0002","8145-01-512-0901","4,762.00","5","54TC1","SHARKCAGE INC."
"2023/05/15","SPE8ED23V0391","","0002","8145-01-512-0901","4,762.00","3","54TC1","SHARKCAGE INC."
"2023/05/15","SPE8ED23V0391","","0001","8145-01-512-0901","4,762.00","5","54TC1","SHARKCAGE INC."
"2023/05/05","SPE8ED23V0370","","0001","8145-01-512-0901","4,762.00","18","54TC1","SHARKCAGE INC."
"2023/04/03","SPE8ED23V0306","","0001","8145-01-512-0901","4,762.00","5","54TC1","SHARKCAGE INC."
"2023/04/03","SPE8ED23V0304","","0001","8145-01-512-0901","4,762.00","9","54TC1","SHARKCAGE INC."
"2023/04/03","SPE8ED23V0306","","0002","8145-01-512-0901","4,762.00","36","54TC1","SHARKCAGE INC."
"2023/04/03","SPE8ED23P0619","","0001","8145-01-512-0901","4,762.00","100","54TC1","SHARKCAGE INC."
"2023/03/31","SPE8ED23P0618","","0001","8145-01-512-0901","4,762.00","10","54TC1","SHARKCAGE INC."
"2023/03/23","SPE8ED23V0286","","0001","8145-01-512-0901","4,762.00","2","54TC1","SHARKCAGE INC."
"2023/03/23","SPE8ED23V0287","","0001","8145-01-512-0901","4,762.00","6","54TC1","SHARKCAGE INC."
"2023/03/20","SPE8ED23V0279","","0001","8145-01-512-0901","4,762.00","1","54TC1","SHARKCAGE INC."
"2023/03/20","SPE8ED23V0279","","0002","8145-01-512-0901","4,762.00","1","54TC1","SHARKCAGE INC."
"2023/03/20","SPE8ED23V0279","","0003","8145-01-512-0901","4,762.00","1","54TC1","SHARKCAGE INC."
"2023/03/20","SPE8ED23V0279","","0004","8145-01-512-0901","4,762.00","1","54TC1","SHARKCAGE INC."
"2023/03/20","SPE8ED23V0281","","0001","8145-01-512-0901","4,762.00","4","54TC1","SHARKCAGE INC."
"2023/03/17","SPE8ED23P0577","","0003","8145-01-512-0901","4,762.00","5","54TC1","SHARKCAGE INC."
"2023/03/17","SPE8ED23P0577","","0002","8145-01-512-0901","4,762.00","10","54TC1","SHARKCAGE INC."
"2023/03/17","SPE8ED23P0577","","0001","8145-01-512-0901","4,762.00","21","54TC1","SHARKCAGE INC."
"2023/03/13","SPE8ED23V0267","","0001","8145-01-512-0901","4,762.00","5","54TC1","SHARKCAGE INC."
"2023/03/13","SPE8ED23V0267","","0002","8145-01-512-0901","4,762.00","5","54TC1","SHARKCAGE INC."
"2023/03/13","SPE8ED23V0267","","0003","8145-01-512-0901","4,762.00","5","54TC1","SHARKCAGE INC."
"2023/03/13","SPE8ED23V0267","","0004","8145-01-512-0901","4,762.00","5","54TC1","SHARKCAGE INC."
"2023/03/09","SPE8ED23V0264","","0001","8145-01-512-0901","4,762.00","2","54TC1","SHARKCAGE INC."
"2023/02/21","SPE8ED23V0236","","0001","8145-01-512-0901","4,762.00","4","54TC1","SHARKCAGE INC."
"2023/02/17","SPE8ED23P0468","","0002","8145-01-512-0901","4,762.00","1","54TC1","SHARKCAGE INC."
"2023/02/17","SPE8ED23P0468","","0001","8145-01-512-0901","4,762.00","5","54TC1","SHARKCAGE INC."
"2023/01/03","SPE8ED23V0165","","0001","8145-01-512-0901","4,762.00","2","54TC1","SHARKCAGE INC."
"2023/01/03","SPE8ED23V0165","","0002","8145-01-512-0901","4,762.00","7","54TC1","SHARKCAGE INC."
"2022/12/27","SPE8ED23V0155","","0001","8145-01-512-0901","4,762.00","3","54TC1","SHARKCAGE INC."
"2022/12/27","SPE8ED23V0155","","0002","8145-01-512-0901","4,762.00","40","54TC1","SHARKCAGE INC."
"2022/12/19","SPE8ED23V0134","","0001","8145-01-512-0901","4,762.00","1","54TC1","SHARKCAGE INC."
"2022/12/19","SPE8ED23V0134","","0002","8145-01-512-0901","4,762.00","2","54TC1","SHARKCAGE INC."
"2022/12/19","SPE8ED23V0133","","0001","8145-01-512-0901","4,762.00","6","54TC1","SHARKCAGE INC."
"2022/12/08","SPE8ED23V0113","","0001","8145-01-512-0901","4,762.00","9","54TC1","SHARKCAGE INC."
"2022/12/05","SPE8ED23V0106","","0001","8145-01-512-0901","4,762.00","4","54TC1","SHARKCAGE INC."
"2022/11/28","SPE8ED23V0093","","0001","8145-01-512-0901","4,762.00","16","54TC1","SHARKCAGE INC."
"2022/11/16","SPE8ED23P0165","","0001","8145-01-512-0901","4,762.00","1","54TC1","SHARKCAGE INC."
"2022/11/15","SPE8ED23V0080","","0001","8145-01-512-0901","4,762.00","1","54TC1","SHARKCAGE INC."
"2022/11/14","SPE8ED23V0071","","0002","8145-01-512-0901","4,762.00","2","54TC1","SHARKCAGE INC."
"2022/11/14","SPE8ED23V0071","","0001","8145-01-512-0901","4,762.00","5","54TC1","SHARKCAGE INC."
"2022/10/31","SPE8ED23V0054","","0001","8145-01-512-0901","4,762.00","4","54TC1","SHARKCAGE INC."
"2022/10/24","SPE8ED23V0038","","0002","8145-01-512-0901","4,762.00","1","54TC1","SHARKCAGE INC."
"2022/10/24","SPE8ED23V0038","","0001","8145-01-512-0901","4,762.00","3","54TC1","SHARKCAGE INC."
"2022/10/18","SPE8ED23P0084","","0001","8145-01-512-0901","4,762.00","5","54TC1","SHARKCAGE INC."
"2022/10/17","SPE8ED23V0034","","0001","8145-01-512-0901","4,762.00","5","54TC1","SHARKCAGE INC."
"2022/10/17","SPE8ED23V0034","","0002","8145-01-512-0901","4,762.00","10","54TC1","SHARKCAGE INC."
"2022/10/14","SPE8ED23P0072","","0002","8145-01-512-0901","4,762.00","6","54TC1","SHARKCAGE INC."
"2022/10/14","SPE8ED23P0072","","0001","8145-01-512-0901","4,762.00","7","54TC1","SHARKCAGE INC."
"2022/10/14","SPE8ED23V0025","","0001","8145-01-512-0901","4,762.00","9","54TC1","SHARKCAGE INC."
"2022/10/06","SPE8ED23V0011","","0002","8145-01-512-0901","4,762.00","1","54TC1","SHARKCAGE INC."
"2022/10/06","SPE8ED23V0011","","0001","8145-01-512-0901","4,762.00","42","54TC1","SHARKCAGE INC."
"2022/09/14","SPE8ED22P1011","","0001","8145-01-512-0901","4,762.00","6","54TC1","SHARKCAGE INC."
"2022/09/12","SPE8ED22V0500","","0002","8145-01-512-0901","4,762.00","6","54TC1","SHARKCAGE INC."
"2022/09/12","SPE8ED22V0500","","0001","8145-01-512-0901","4,762.00","8","54TC1","SHARKCAGE INC."
"2022/08/29","SPE8ED22V0482","","0001","8145-01-512-0901","4,762.00","8","54TC1","SHARKCAGE INC."
"2022/08/12","SPE8ED22V0458","","0001","8145-01-512-0901","4,762.00","8","54TC1","SHARKCAGE INC."
"2022/08/11","SPE8ED22P0913","","0001","8145-01-512-0901","4,762.00","2","54TC1","SHARKCAGE INC."
"2022/08/11","SPE8ED22P0913","","0002","8145-01-512-0901","4,762.00","4","54TC1","SHARKCAGE INC."
"2022/08/11","SPE8ED22P0913","","0003","8145-01-512-0901","4,762.00","4","54TC1","SHARKCAGE INC."
"2022/08/08","SPE8ED22P0880","","0001","8145-01-512-0901","4,762.00","1","54TC1","SHARKCAGE INC."
"2022/08/08","SPE8ED22P0880","","0002","8145-01-512-0901","4,762.00","4","54TC1","SHARKCAGE INC."
"2022/07/27","SPE8ED22V0434","","0001","8145-01-512-0901","4,762.00","1","54TC1","SHARKCAGE INC."
"2022/07/27","SPE8ED22V0434","","0002","8145-01-512-0901","4,762.00","1","54TC1","SHARKCAGE INC."
"2022/07/27","SPE8ED22P0845","","0001","8145-01-512-0901","4,762.00","2","54TC1","SHARKCAGE INC."
"2022/07/27","SPE8ED22P0845","","0002","8145-01-512-0901","4,762.00","10","54TC1","SHARKCAGE INC."
"2022/07/27","SPE8ED22P0845","","0003","8145-01-512-0901","4,762.00","10","54TC1","SHARKCAGE INC."
"2022/07/14","SPE8ED22P0821","","0002","8145-01-512-0901","4,762.00","2","54TC1","SHARKCAGE INC."
"2022/07/14","SPE8ED22P0821","","0003","8145-01-512-0901","4,762.00","2","54TC1","SHARKCAGE INC."
"2022/07/14","SPE8ED22P0821","","0001","8145-01-512-0901","4,762.00","4","54TC1","SHARKCAGE INC."
"2022/07/07","SPE8ED22V0412","","0001","8145-01-512-0901","4,762.00","1","54TC1","SHARKCAGE INC."
"2022/07/07","SPE8ED22P0814","","0001","8145-01-512-0901","4,762.00","2","54TC1","SHARKCAGE INC."
"2022/06/22","SPE8ED22P0788","","0001","8145-01-512-0901","4,762.00","2","54TC1","SHARKCAGE INC."
"2022/06/22","SPE8ED22V0387","","0001","8145-01-512-0901","4,762.00","2","54TC1","SHARKCAGE INC."
"2022/06/21","SPE8ED22V0379","","0001","8145-01-512-0901","4,762.00","4","54TC1","SHARKCAGE INC."
"2022/05/19","SPE8ED22P0714","","0002","8145-01-512-0901","4,762.00","2","54TC1","SHARKCAGE INC."
"2022/05/19","SPE8ED22P0714","","0001","8145-01-512-0901","4,762.00","22","54TC1","SHARKCAGE INC."
"2022/04/21","SPE8ED22P0657","","0001","8145-01-512-0901","4,762.00","4","54TC1","SHARKCAGE INC."
"2022/04/11","SPE8ED22V0305","","0001","8145-01-512-0901","4,762.00","2","54TC1","SHARKCAGE INC."
"2022/04/07","SPE8ED22P0619","","0001","8145-01-512-0901","4,920.00","9","54TC1","SHARKCAGE INC."
"2022/04/07","SPE8ED22P0617","","0001","8145-01-512-0901","4,920.00","10","54TC1","SHARKCAGE INC."
"2022/03/30","SPE8ED22P0395","","0002","8145-01-512-0901","4,572.00","2","54TC1","SHARKCAGE INC."
"2022/03/30","SPE8ED22P0395","","0001","8145-01-512-0901","4,572.00","10","54TC1","SHARKCAGE INC."
"2022/03/14","SPE8ED22V0277","","0001","8145-01-512-0901","4,762.00","4","54TC1","SHARKCAGE INC."
"2022/02/28","SPE8ED22V0254","","0001","8145-01-512-0901","4,572.00","1","54TC1","SHARKCAGE INC."
"2022/02/28","SPE8ED22V0254","","0002","8145-01-512-0901","4,572.00","1","54TC1","SHARKCAGE INC."
"2022/02/28","SPE8ED22V0254","","0003","8145-01-512-0901","4,572.00","4","54TC1","SHARKCAGE INC."
"2022/02/25","SPE8ED22V0250","","0001","8145-01-512-0901","4,572.00","1","54TC1","SHARKCAGE INC."
"2022/02/25","SPE8ED22V0250","","0002","8145-01-512-0901","4,572.00","4","54TC1","SHARKCAGE INC."
"2022/02/22","SPE8ED22P0483","","0001","8145-01-512-0901","4,572.00","2","54TC1","SHARKCAGE INC."
"2022/02/22","SPE8ED22V0247","","0001","8145-01-512-0901","4,572.00","6","54TC1","SHARKCAGE INC."
"2022/02/18","SPE8ED22P0456","","0001","8145-01-512-0901","4,572.00","8","54TC1","SHARKCAGE INC."
"2022/02/16","SPE8ED22V0240","","0001","8145-01-512-0901","4,572.00","1","54TC1","SHARKCAGE INC."
"2022/02/08","SPE8ED22V0225","","0001","8145-01-512-0901","4,572.00","1","54TC1","SHARKCAGE INC."
"2022/02/01","SPE8ED22V0210","","0001","8145-01-512-0901","4,572.00","1","54TC1","SHARKCAGE INC."
"2022/01/31","SPE8ED22V0204","","0001","8145-01-512-0901","4,572.00","2","54TC1","SHARKCAGE INC."
"2022/01/31","SPE8ED22V0204","","0002","8145-01-512-0901","4,572.00","2","54TC1","SHARKCAGE INC."
"2022/01/31","SPE8ED22V0204","","0003","8145-01-512-0901","4,572.00","2","54TC1","SHARKCAGE INC."
"2022/01/19","SPE8ED22P0380","","0001","8145-01-512-0901","4,572.00","46","54TC1","SHARKCAGE INC."
"2022/01/18","SPE8ED22P0374","","0001","8145-01-512-0901","4,572.00","10","54TC1","SHARKCAGE INC."
"2022/01/04","SPE8ED22P0328","","0001","8145-01-512-0901","4,572.00","4","54TC1","SHARKCAGE INC."
"2021/12/06","SPE8ED22V0135","","0001","8145-01-512-0901","4,572.00","3","54TC1","SHARKCAGE INC."
"2021/12/02","SPE8ED22P0237","","0001","8145-01-512-0901","4,572.00","5","54TC1","SHARKCAGE INC."
"2021/12/02","SPE8ED22P0237","","0002","8145-01-512-0901","4,572.00","10","54TC1","SHARKCAGE INC."
"2021/11/08","SPE8ED22V0085","","0001","8145-01-512-0901","4,572.00","6","54TC1","SHARKCAGE INC."
"2021/10/25","SPE8ED22P0080","","0004","8145-01-512-0901","4,572.00","4","54TC1","SHARKCAGE INC."
"2021/10/25","SPE8ED22P0080","","0003","8145-01-512-0901","4,572.00","7","54TC1","SHARKCAGE INC."
"2021/10/25","SPE8ED22P0080","","0001","8145-01-512-0901","4,572.00","10","54TC1","SHARKCAGE INC."
"2021/10/25","SPE8ED22P0080","","0002","8145-01-512-0901","4,572.00","10","54TC1","SHARKCAGE INC."
"2021/10/20","SPE8ED22V0067","","0001","8145-01-512-0901","4,572.00","1","54TC1","SHARKCAGE INC."
"2021/10/15","SPE8ED22V0050","","0001","8145-01-512-0901","4,572.00","2","54TC1","SHARKCAGE INC."
"2021/10/12","SPE8ED22V0036","","0001","8145-01-512-0901","4,572.00","5","54TC1","SHARKCAGE INC."
"2021/10/07","SPE8ED22V0029","","0001","8145-01-512-0901","4,572.00","1","54TC1","SHARKCAGE INC."
"2021/10/06","SPE8ED22P0048","","0004","8145-01-512-0901","4,264.00","1","54TC1","SHARKCAGE INC."
"2021/10/06","SPE8ED22P0031","","0004","8145-01-512-0901","3,945.00","4","54TC1","SHARKCAGE INC."
"2021/10/06","SPE8ED22P0048","","0001","8145-01-512-0901","4,264.00","4","54TC1","SHARKCAGE INC."
"2021/10/06","SPE8ED22P0048","","0005","8145-01-512-0901","4,264.00","4","54TC1","SHARKCAGE INC."
"2021/10/06","SPE8ED22P0048","","0007","8145-01-512-0901","4,264.00","4","54TC1","SHARKCAGE INC."
"2021/10/06","SPE8ED22P0031","","0001","8145-01-512-0901","3,945.00","6","54TC1","SHARKCAGE INC."
"2021/10/06","SPE8ED22P0031","","0010","8145-01-512-0901","3,945.00","7","54TC1","SHARKCAGE INC."
"2021/10/06","SPE8ED22P0031","","0011","8145-01-512-0901","3,945.00","7","54TC1","SHARKCAGE INC."
"2021/10/06","SPE8ED22P0031","","0017","8145-01-512-0901","3,945.00","7","54TC1","SHARKCAGE INC."
"2021/10/06","SPE8ED22P0031","","0020","8145-01-512-0901","3,945.00","7","54TC1","SHARKCAGE INC."
"2021/10/06","SPE8ED22P0048","","0002","8145-01-512-0901","4,264.00","8","54TC1","SHARKCAGE INC."
"2021/10/06","SPE8ED22P0031","","0012","8145-01-512-0901","3,945.00","9","54TC1","SHARKCAGE INC."
"2021/10/06","SPE8ED22P0031","","0023","8145-01-512-0901","3,945.00","9","54TC1","SHARKCAGE INC."
"2021/10/06","SPE8ED22P0048","","0006","8145-01-512-0901","4,264.00","10","54TC1","SHARKCAGE INC."
"2021/10/06","SPE8ED22P0031","","0009","8145-01-512-0901","3,945.00","11","54TC1","SHARKCAGE INC."
"2021/10/06","SPE8ED22P0031","","0013","8145-01-512-0901","3,945.00","11","54TC1","SHARKCAGE INC."
"2021/10/06","SPE8ED22P0031","","0019","8145-01-512-0901","3,945.00","11","54TC1","SHARKCAGE INC."
"2021/10/06","SPE8ED22P0031","","0002","8145-01-512-0901","3,945.00","15","54TC1","SHARKCAGE INC."
"2021/10/06","SPE8ED22P0031","","0005","8145-01-512-0901","3,945.00","15","54TC1","SHARKCAGE INC."
"2021/10/06","SPE8ED22P0031","","0014","8145-01-512-0901","3,945.00","15","54TC1","SHARKCAGE INC."
"2021/10/06","SPE8ED22P0031","","0015","8145-01-512-0901","3,945.00","15","54TC1","SHARKCAGE INC."
"2021/10/06","SPE8ED22P0031","","0016","8145-01-512-0901","3,945.00","15","54TC1","SHARKCAGE INC."
"2021/10/06","SPE8ED22P0031","","0018","8145-01-512-0901","3,945.00","15","54TC1","SHARKCAGE INC."
"2021/10/06","SPE8ED22P0031","","0022","8145-01-512-0901","3,945.00","15","54TC1","SHARKCAGE INC."
"2021/10/06","SPE8ED22P0048","","0003","8145-01-512-0901","4,264.00","15","54TC1","SHARKCAGE INC."
"2021/10/06","SPE8ED22P0031","","0006","8145-01-512-0901","3,945.00","16","54TC1","SHARKCAGE INC."
"2021/10/06","SPE8ED22P0031","","0007","8145-01-512-0901","3,945.00","16","54TC1","SHARKCAGE INC."
"2021/10/06","SPE8ED22P0031","","0008","8145-01-512-0901","3,945.00","16","54TC1","SHARKCAGE INC."
"2021/10/06","SPE8ED22P0031","","0003","8145-01-512-0901","3,945.00","18","54TC1","SHARKCAGE INC."
"2021/10/06","SPE8ED22P0031","","0021","8145-01-512-0901","3,945.00","18","54TC1","SHARKCAGE INC."
"2021/09/29","SPE8ED21P1366","","0001","8145-01-512-0901","4,264.00","1","54TC1","SHARKCAGE INC."
"2021/09/29","SPE8ED21P1366","","0002","8145-01-512-0901","4,264.00","1","54TC1","SHARKCAGE INC."
"2021/09/29","SPE8ED21P1366","","0003","8145-01-512-0901","4,264.00","1","54TC1","SHARKCAGE INC."
"2021/09/29","SPE8ED21P1366","","0004","8145-01-512-0901","4,264.00","1","54TC1","SHARKCAGE INC."
"2021/09/29","SPE8ED21P1366","","0005","8145-01-512-0901","4,264.00","3","54TC1","SHARKCAGE INC."
"2021/09/29","SPE8ED21P1372","","0001","8145-01-512-0901","4,264.00","11","54TC1","SHARKCAGE INC."
"2021/09/22","SPE8ED21P1330","","0001","8145-01-512-0901","4,264.00","12","54TC1","SHARKCAGE INC."
"2021/09/03","SPE8ED21V0785","","0001","8145-01-512-0901","4,264.00","1","54TC1","SHARKCAGE INC."
"2021/08/30","SPE8ED21P1242","","0001","8145-01-512-0901","4,264.00","1","54TC1","SHARKCAGE INC."
"2021/08/30","SPE8ED21P1242","","0002","8145-01-512-0901","4,264.00","36","54TC1","SHARKCAGE INC."
"2021/08/26","SPE8ED21V0769","","0001","8145-01-512-0901","4,264.00","1","54TC1","SHARKCAGE INC."
"2021/08/02","SPE8ED21V0708","","0001","8145-01-512-0901","4,264.00","6","54TC1","SHARKCAGE INC."
"2021/06/28","SPE8ED21V0647","","0001","8145-01-512-0901","4,264.00","1","54TC1","SHARKCAGE INC."
"2021/06/28","SPE8ED21V0647","","0002","8145-01-512-0901","4,264.00","1","54TC1","SHARKCAGE INC."
"2021/06/21","SPE8ED21V0629","","0001","8145-01-512-0901","4,264.00","3","54TC1","SHARKCAGE INC."
"2021/06/09","SPE8ED21V0619","","0001","8145-01-512-0901","4,264.00","3","54TC1","SHARKCAGE INC."
"2021/06/09","SPE8ED21V0619","","0002","8145-01-512-0901","4,264.00","5","54TC1","SHARKCAGE INC."
"2021/06/04","SPE8ED21V0608","","0001","8145-01-512-0901","4,264.00","8","54TC1","SHARKCAGE INC."
"2021/06/01","SPE8ED21V0595","","0001","8145-01-512-0901","4,264.00","4","54TC1","SHARKCAGE INC."
"2021/05/11","SPE8ED21P0946","","0001","8145-01-512-0901","4,264.00","17","54TC1","SHARKCAGE INC."
"2021/05/04","SPE8ED21P0902","","0001","8145-01-512-0901","3,629.00","5","54TC1","SHARKCAGE INC."
"2021/05/04","SPE8ED21P0902","","0002","8145-01-512-0901","3,629.00","5","54TC1","SHARKCAGE INC."
"2021/05/04","SPE8ED21P0902","","0005","8145-01-512-0901","3,629.00","5","54TC1","SHARKCAGE INC."
"2021/05/04","SPE8ED21P0902","","0009","8145-01-512-0901","3,629.00","5","54TC1","SHARKCAGE INC."
"2021/05/04","SPE8ED21P0902","","0003","8145-01-512-0901","3,629.00","9","54TC1","SHARKCAGE INC."
"2021/05/04","SPE8ED21P0902","","0004","8145-01-512-0901","3,629.00","10","54TC1","SHARKCAGE INC."
"2021/05/04","SPE8ED21P0902","","0008","8145-01-512-0901","3,629.00","10","54TC1","SHARKCAGE INC."
"2021/05/04","SPE8ED21P0902","","0007","8145-01-512-0901","3,629.00","11","54TC1","SHARKCAGE INC."
"2021/05/04","SPE8ED21P0902","","0006","8145-01-512-0901","3,629.00","15","54TC1","SHARKCAGE INC."
"2021/04/22","SPE8ED21V0525","","0001","8145-01-512-0901","4,264.00","1","54TC1","SHARKCAGE INC."
"2021/04/22","SPE8ED21V0526","","0001","8145-01-512-0901","4,100.00","3","54TC1","SHARKCAGE INC."
"2021/04/19","SPE8ED21P0848","","0001","8145-01-512-0901","4,100.00","10","54TC1","SHARKCAGE INC."
"2021/04/12","SPE8ED21V0497","","0001","8145-01-512-0901","4,100.00","1","54TC1","SHARKCAGE INC."
"2021/04/08","SPE8ED21P0818","","0002","8145-01-512-0901","4,100.00","1","54TC1","SHARKCAGE INC."
"2021/04/08","SPE8ED21P0818","","0003","8145-01-512-0901","4,100.00","1","54TC1","SHARKCAGE INC."
"2021/04/08","SPE8ED21P0818","","0004","8145-01-512-0901","4,100.00","1","54TC1","SHARKCAGE INC."
"2021/04/08","SPE8ED21P0818","","0001","8145-01-512-0901","4,100.00","18","54TC1","SHARKCAGE INC."
"2021/03/24","SPE8ED21V0460","","0001","8145-01-512-0901","4,100.00","2","54TC1","SHARKCAGE INC."
"2021/03/23","SPE8ED21P0749","","0001","8145-01-512-0901","4,100.00","2","54TC1","SHARKCAGE INC."
"2021/03/17","SPE8ED21P0723","","0001","8145-01-512-0901","4,100.00","16","54TC1","SHARKCAGE INC."
"2021/03/05","SPE8ED21P0665","","0002","8145-01-512-0901","4,102.80","1","54TC1","SHARKCAGE INC."
"2021/03/05","SPE8ED21P0665","","0003","8145-01-512-0901","4,102.80","1","54TC1","SHARKCAGE INC."
"2021/03/05","SPE8ED21P0665","","0006","8145-01-512-0901","4,102.80","3","54TC1","SHARKCAGE INC."
"2021/03/05","SPE8ED21P0665","","0001","8145-01-512-0901","4,102.80","5","54TC1","SHARKCAGE INC."
"2021/03/05","SPE8ED21P0665","","0005","8145-01-512-0901","4,102.80","7","54TC1","SHARKCAGE INC."
"2021/03/05","SPE8ED21P0665","","0004","8145-01-512-0901","4,102.80","8","54TC1","SHARKCAGE INC."
"2021/03/04","SPE8ED21V0399","","0001","8145-01-512-0901","4,102.80","1","54TC1","SHARKCAGE INC."
"2021/03/04","SPE8ED21V0399","","0002","8145-01-512-0901","4,102.80","1","54TC1","SHARKCAGE INC."
"2021/03/04","SPE8ED21V0399","","0003","8145-01-512-0901","4,102.80","1","54TC1","SHARKCAGE INC."
"2021/03/02","SPE8ED21P0654","","0001","8145-01-512-0901","3,945.00","8","54TC1","SHARKCAGE INC."
"2021/02/26","SPE8ED21P0614","","0001","8145-01-512-0901","3,945.00","9","54TC1","SHARKCAGE INC."
"2021/02/18","SPE8ED21P0602","","0003","8145-01-512-0901","3,945.00","2","54TC1","SHARKCAGE INC."
"2021/02/18","SPE8ED21P0602","","0002","8145-01-512-0901","3,945.00","4","54TC1","SHARKCAGE INC."
"2021/02/18","SPE8ED21P0602","","0001","8145-01-512-0901","3,945.00","6","54TC1","SHARKCAGE INC."
"2021/02/16","SPE8ED21V0359","","0001","8145-01-512-0901","3,945.00","2","54TC1","SHARKCAGE INC."
"2021/02/09","SPE8ED21P0568","","0002","8145-01-512-0901","3,945.00","4","54TC1","SHARKCAGE INC."
"2021/02/09","SPE8ED21P0568","","0001","8145-01-512-0901","3,945.00","8","54TC1","SHARKCAGE INC."
"2021/02/01","SPE8ED21V0314","","0001","8145-01-512-0901","3,945.00","3","54TC1","SHARKCAGE INC."
"2021/01/22","SPE8ED21V0289","","0001","8145-01-512-0901","3,945.00","1","54TC1","SHARKCAGE INC."
"2021/01/22","SPE8ED21V0289","","0002","8145-01-512-0901","3,945.00","1","54TC1","SHARKCAGE INC."
"2021/01/21","SPE8ED21V0284","","0001","8145-01-512-0901","3,945.00","6","54TC1","SHARKCAGE INC."
"2021/01/08","SPE8ED21P0456","","0001","8145-01-512-0901","3,945.00","1","54TC1","SHARKCAGE INC."
"2021/01/08","SPE8ED21P0456","","0004","8145-01-512-0901","3,945.00","1","54TC1","SHARKCAGE INC."
"2021/01/08","SPE8ED21P0456","","0002","8145-01-512-0901","3,945.00","2","54TC1","SHARKCAGE INC."
"2021/01/08","SPE8ED21P0456","","0003","8145-01-512-0901","3,945.00","2","54TC1","SHARKCAGE INC."
"2021/01/08","SPE8ED21P0456","","0005","8145-01-512-0901","3,945.00","2","54TC1","SHARKCAGE INC."
"2020/12/28","SPE8ED21V0224","","0001","8145-01-512-0901","3,945.00","3","54TC1","SHARKCAGE INC."
"2020/12/11","SPE8ED21V0191","","0001","8145-01-512-0901","3,945.00","5","54TC1","SHARKCAGE INC."
"2020/12/07","SPE8ED21V0180","","0001","8145-01-512-0901","3,945.00","4","54TC1","SHARKCAGE INC."
"2020/11/23","SPE8ED21V0164","","0001","8145-01-512-0901","3,945.00","5","54TC1","SHARKCAGE INC."
"2020/11/20","SPE8ED21V0159","","0001","8145-01-512-0901","3,945.00","2","54TC1","SHARKCAGE INC."
"2020/11/19","SPE8ED21P0274","","0001","8145-01-512-0901","3,945.00","2","54TC1","SHARKCAGE INC."
"2020/11/19","SPE8ED21P0274","","0002","8145-01-512-0901","3,945.00","8","54TC1","SHARKCAGE INC."
"2020/11/13","SPE8ED21V0142","","0001","8145-01-512-0901","3,945.00","5","54TC1","SHARKCAGE INC."
"2020/11/09","SPE8ED21V0117","","0001","8145-01-512-0901","3,945.00","5","54TC1","SHARKCAGE INC."
"2020/10/28","SPE8ED21V0092","","0001","8145-01-512-0901","3,945.00","2","54TC1","SHARKCAGE INC."
"2020/10/22","SPE8ED21V0076","","0001","8145-01-512-0901","3,945.00","2","54TC1","SHARKCAGE INC."
"2020/10/19","SPE8ED21V0064","","0002","8145-01-512-0901","3,945.00","2","54TC1","SHARKCAGE INC."
"2020/10/19","SPE8ED21V0064","","0001","8145-01-512-0901","3,945.00","4","54TC1","SHARKCAGE INC."
"2020/10/19","SPE8ED21V0064","","0003","8145-01-512-0901","3,945.00","6","54TC1","SHARKCAGE INC."
"2020/10/19","SPE8ED21V0064","","0004","8145-01-512-0901","3,945.00","8","54TC1","SHARKCAGE INC."
"2020/10/14","SPE8ED21V0050","","0001","8145-01-512-0901","3,945.00","4","54TC1","SHARKCAGE INC."
"2020/09/17","SPE8ED20V0762","","0001","8145-01-512-0901","3,945.00","1","54TC1","SHARKCAGE INC."
"2020/09/15","SPE8ED20V0759","","0001","8145-01-512-0901","3,945.00","2","54TC1","SHARKCAGE INC."
"2020/09/09","SPE8ED20V0730","","0001","8145-01-512-0901","3,945.00","2","54TC1","SHARKCAGE INC."
"2020/08/26","SPE8ED20P1239","","0002","8145-01-512-0901","3,945.00","2","54TC1","SHARKCAGE INC."
"2020/08/26","SPE8ED20P1239","","0001","8145-01-512-0901","3,945.00","10","54TC1","SHARKCAGE INC."
"2020/08/17","SPE8ED20V0681","","0001","8145-01-512-0901","3,945.00","6","54TC1","SHARKCAGE INC."
"2020/08/06","SPE8ED20P1231","","0001","8145-01-512-0901","3,945.00","1","54TC1","SHARKCAGE INC."
"2020/07/16","SPE8ED20V0632","","0001","8145-01-512-0901","3,945.00","3","54TC1","SHARKCAGE INC."
"2020/06/16","SPE8ED20P0990","","0002","8145-01-512-0901","3,945.00","1","54TC1","SHARKCAGE INC."
"2020/06/16","SPE8ED20P0990","","0001","8145-01-512-0901","3,945.00","3","54TC1","SHARKCAGE INC."
"2020/06/16","SPE8ED20P0990","","0003","8145-01-512-0901","3,945.00","5","54TC1","SHARKCAGE INC."
"2020/06/15","SPE8ED20V0564","","0001","8145-01-512-0901","3,945.00","5","54TC1","SHARKCAGE INC."
"2020/06/05","SPE8ED20P0989","","0001","8145-01-512-0901","3,945.00","9","54TC1","SHARKCAGE INC."
"2020/05/29","SPE8ED20V0523","","0002","8145-01-512-0901","3,945.00","1","54TC1","SHARKCAGE INC."
"2020/05/29","SPE8ED20V0523","","0001","8145-01-512-0901","3,945.00","5","54TC1","SHARKCAGE INC."
"2020/05/15","SPE8ED20V0500","","0001","8145-01-512-0901","3,945.00","5","54TC1","SHARKCAGE INC."
"2020/05/13","SPE8ED20P0840","","0002","8145-01-512-0901","3,945.00","6","54TC1","SHARKCAGE INC."
"2020/05/13","SPE8ED20P0840","","0001","8145-01-512-0901","3,945.00","7","54TC1","SHARKCAGE INC."
"2020/05/04","SPE8ED20V0465","","0001","8145-01-512-0901","3,945.00","5","54TC1","SHARKCAGE INC."
"2020/04/16","SPE8ED20P0818","","0001","8145-01-512-0901","3,945.00","1","54TC1","SHARKCAGE INC."
"2020/04/16","SPE8ED20P0818","","0002","8145-01-512-0901","3,945.00","1","54TC1","SHARKCAGE INC."
"2020/04/16","SPE8ED20P0818","","0003","8145-01-512-0901","3,945.00","1","54TC1","SHARKCAGE INC."
"2020/04/16","SPE8ED20P0818","","0004","8145-01-512-0901","3,945.00","5","54TC1","SHARKCAGE INC."
"2020/04/13","SPE8ED20P0806","","0001","8145-01-512-0901","3,945.00","9","54TC1","SHARKCAGE INC."
"2020/04/02","SPE8ED20P0766","","0001","8145-01-512-0901","3,945.00","12","54TC1","SHARKCAGE INC."
"2020/03/27","SPE8ED20V0378","","0001","8145-01-512-0901","3,945.00","5","54TC1","SHARKCAGE INC."
"2020/03/25","SPE8ED20P0738","","0001","8145-01-512-0901","3,945.00","6","54TC1","SHARKCAGE INC."
"2020/03/25","SPE8ED20P0738","","0002","8145-01-512-0901","3,945.00","8","54TC1","SHARKCAGE INC."
"2020/03/24","SPE8ED20P0737","","0002","8145-01-512-0901","3,945.00","2","54TC1","SHARKCAGE INC."
"2020/03/24","SPE8ED20P0737","","0001","8145-01-512-0901","3,945.00","6","54TC1","SHARKCAGE INC."
"2020/03/12","SPE8ED20V0338","","0001","8145-01-512-0901","3,945.00","2","54TC1","SHARKCAGE INC."
"2020/02/28","SPE8ED20V0307","","0001","8145-01-512-0901","3,945.00","2","54TC1","SHARKCAGE INC."
"2020/02/28","SPE8ED20V0307","","0002","8145-01-512-0901","3,945.00","2","54TC1","SHARKCAGE INC."
"2020/02/25","SPE8ED20V0288","","0001","8145-01-512-0901","3,945.00","1","54TC1","SHARKCAGE INC."
"2020/02/25","SPE8ED20V0288","","0002","8145-01-512-0901","3,945.00","1","54TC1","SHARKCAGE INC."
"2020/02/21","SPE8ED20P0632","","0001","8145-01-512-0901","3,945.00","1","54TC1","SHARKCAGE INC."
"2020/02/21","SPE8ED20P0632","","0003","8145-01-512-0901","3,945.00","1","54TC1","SHARKCAGE INC."
"2020/02/21","SPE8ED20P0632","","0004","8145-01-512-0901","3,945.00","1","54TC1","SHARKCAGE INC."
"2020/02/21","SPE8ED20P0632","","0005","8145-01-512-0901","3,945.00","1","54TC1","SHARKCAGE INC."
"2020/02/21","SPE8ED20P0632","","0006","8145-01-512-0901","3,945.00","1","54TC1","SHARKCAGE INC."
"2020/02/21","SPE8ED20P0632","","0007","8145-01-512-0901","3,945.00","1","54TC1","SHARKCAGE INC."
"2020/02/21","SPE8ED20P0632","","0002","8145-01-512-0901","3,945.00","5","54TC1","SHARKCAGE INC."
"2020/02/20","SPE8ED20V0270","","0001","8145-01-512-0901","3,945.00","5","54TC1","SHARKCAGE INC."
"2020/02/10","SPE8ED20V0247","","0001","8145-01-512-0901","3,945.00","1","54TC1","SHARKCAGE INC."
"2020/01/29","SPE8ED20V0221","","0001","8145-01-512-0901","3,945.00","2","54TC1","SHARKCAGE INC."
"2020/01/10","SPE8ED20V0197","","0001","8145-01-512-0901","3,945.00","3","54TC1","SHARKCAGE INC."
"2020/01/06","SPE8ED20V0191","","0001","8145-01-512-0901","3,945.00","2","54TC1","SHARKCAGE INC."
"2020/01/06","SPE8ED20V0191","","0002","8145-01-512-0901","3,945.00","2","54TC1","SHARKCAGE INC."
"2020/01/03","SPE8ED20V0189","","0001","8145-01-512-0901","3,945.00","1","54TC1","SHARKCAGE INC."
"2019/12/04","SPE8ED20P0304","","0002","8145-01-512-0901","3,945.00","5","54TC1","SHARKCAGE INC."
"2019/12/04","SPE8ED20P0304","","0001","8145-01-512-0901","3,945.00","10","54TC1","SHARKCAGE INC."
"2019/12/04","SPE8ED20P0304","","0003","8145-01-512-0901","3,945.00","10","54TC1","SHARKCAGE INC."
"2019/12/04","SPE8ED20P0304","","0004","8145-01-512-0901","3,945.00","10","54TC1","SHARKCAGE INC."
"2019/12/02","SPE8ED20V0127","","0001","8145-01-512-0901","3,945.00","2","54TC1","SHARKCAGE INC."
"2019/12/02","SPE8ED20V0127","","0002","8145-01-512-0901","3,945.00","2","54TC1","SHARKCAGE INC."
"2019/11/27","SPE8ED20P0302","","0001","8145-01-512-0901","3,945.00","5","54TC1","SHARKCAGE INC."
"2019/11/27","SPE8ED20P0302","","0002","8145-01-512-0901","3,945.00","5","54TC1","SHARKCAGE INC."
"2019/11/25","SPE8ED20V0113","","0001","8145-01-512-0901","3,945.00","1","54TC1","SHARKCAGE INC."
"2019/11/12","SPE8ED20V0091","","0001","8145-01-512-0901","3,945.00","4","54TC1","SHARKCAGE INC."
"2019/10/24","SPE8ED20P0178","","0001","8145-01-512-0901","3,945.00","8","54TC1","SHARKCAGE INC."
"2019/10/21","SPE8ED20V0061","","0001","8145-01-512-0901","3,945.00","4","54TC1","SHARKCAGE INC."
"2019/10/17","SPE8ED20P0082","","0002","8145-01-512-0901","3,945.00","2","54TC1","SHARKCAGE INC."
"2019/10/17","SPE8ED20P0082","","0003","8145-01-512-0901","3,945.00","2","54TC1","SHARKCAGE INC."
"2019/10/17","SPE8ED20P0082","","0001","8145-01-512-0901","3,945.00","5","54TC1","SHARKCAGE INC."
"2019/09/24","SPE8ED19P1232","","0001","8145-01-512-0901","3,945.00","40","54TC1","SHARKCAGE INC."
"2019/09/20","SPE8ED19V0888","","0001","8145-01-512-0901","3,945.00","1","54TC1","SHARKCAGE INC."
"2019/09/12","SPE8ED19P1206","","0001","8145-01-512-0901","3,945.00","14","54TC1","SHARKCAGE INC."
"2011/06/07","SPM8ED11M1151","4518064908","0001","8145-01-512-0901","3,430.35","1","1GTL9","MOBILE SHELTER SYSTEMS USA, IN"
"2010/06/12","SPM8ED10M0719","4514604097","0001","8145-01-512-0901","3,204.48","1","1GTL9","MOBILE SHELTER SYSTEMS USA, IN"
"2009/07/16","SPM8ED09M0600","","0001","8145-01-512-0901","3,204.48","4","1GTL9","MOBILE SHELTER SYSTEMS USA, IN"
"2009/07/14","SPM8ED09M0600","4511360419","0001","8145-01-512-0901","3,204.48","4","1GTL9","MOBILE SHELTER SYSTEMS USA, IN"